,subjectID
0,subject_000
1,subject_001
2,subject_002
3,subject_003
4,subject_004
5,subject_005
6,subject_006
7,subject_007
8,subject_008
9,subject_009
10,subject_010
11,subject_011
12,subject_012
13,subject_013
14,subject_014
15,subject_015
16,subject_016
17,subject_017
18,subject_018
19,subject_019
20,subject_020
21,subject_021
22,subject_022
23,subject_023
24,subject_024
25,subject_025
26,subject_026
27,subject_027
28,subject_028
29,subject_029
30,subject_030
31,subject_031
32,subject_032
33,subject_033
34,subject_034
35,subject_035
36,subject_036
37,subject_037
38,subject_038
39,subject_039
40,subject_040
41,subject_041
42,subject_042
43,subject_043
44,subject_044
45,subject_045
46,subject_046
47,subject_047
48,subject_048
49,subject_049
50,subject_050
51,subject_051
52,subject_052
53,subject_053
54,subject_054
55,subject_055
56,subject_056
57,subject_057
58,subject_058
59,subject_059
